Zona,Superficie (kmq),Popolazione totale,Densità popolazione totale (ab/kmq),Popolazione straniera,Popolazione 65 anni e oltre,Immobili Residenziali Catasto,Reddito mediano famiglie €
Borgo Panigale,26.17,26610,1017,4563,6749,13760,21579
S. Viola,1.95,13408,6888,2111,2946,7654,22057
Barca,3.32,21024,6325,3290,5839,10696,21660
Saffi,2.67,18374,6885,2607,4140,10979,22126
Costa Saragozza,11.07,24645,2226,2646,6163,14814,23991
Lame,11.05,14568,1318,2446,3759,7899,21529
Colli,24.72,8825,357,858,2087,4756,29158
Bolognina,4.94,36681,7419,9055,7248,20560,19729
Corticella,9.88,18393,1861,3369,4803,8982,22300
San Donato,15.47,31913,2063,6739,7749,17476,19621
S. Vitale,10.8,35156,3256,5568,7829,21026,21862
Murri,2.82,29078,10308,3021,7389,16803,24659
Mazzini,5.75,38497,6700,5229,10912,20481,22569
Galvani,1.12,12927,11579,1517,3199,10001,24755
Malpighi,0.96,11705,12198,1482,2759,9138,21950
Irnerio,1.38,13789,10024,2029,2981,12061,22108
Marconi,1.06,14704,13894,1703,3418,11216,24609
S. Ruffillo,5.72,21096,3690,3010,5719,11442,22601
